{
  "american": {
    "mean": [
      153.85856951326144,
      50.250104051296994,
      6.537788108423201,
      0.5505804430195278,
      0.052711162926260574,
      83.88582847566308
    ],
    "cov": [
      [
        1950.0749605813062,
        730.7002180408639,
        1.561229116465862,
        -0.9538846833364408,
        -0.1069495394584923,
        -31.649857085072572
      ],
      [
        730.7002180408639,
        1412.5834213402866,
        2.415523301018887,
        -1.0726235606232792,
        -0.10493563500514932,
        59.145713677374765
      ],
      [
        1.561229116465862,
        2.415523301018887,
        0.777355473241459,
        -0.13457326206614917,
        -0.029194037745096223,
        0.7943891937915192
      ],
      [
        -0.9538846833364408,
        -1.0726235606232792,
        -0.13457326206614917,
        0.3377625476017269,
        0.008635508736053732,
        -0.9144001939686003
      ],
      [
        -0.1069495394584923,
        -0.10493563500514932,
        -0.029194037745096223,
        0.008635508736053732,
        0.010004350025494808,
        0.008430224316974816
      ],
      [
        -31.649857085072572,
        59.145713677374765,
        0.7943891937915192,
        -0.9144001939686003,
        0.008430224316974816,
        742.8508519001772
      ]
    ],
    "cov_inv": [
      [
        0.0006385564350949709,
        -0.0003316774446456575,
        -7.897497919100521e-05,
        0.000805859569831028,
        0.0023752766216023295,
        5.466388021791022e-05
      ],
      [
        -0.00033167744464565743,
        0.0008867651636898595,
        -0.001860651503507639,
        0.0009275156023600297,
        -0.0004059315582218711,
        -8.159952707652666e-05
      ],
      [
        -7.897497919100793e-05,
        -0.0018606515035076339,
        1.5304141576867807,
        0.4984438097753072,
        4.0161275734895225,
        -0.0009238384701995547
      ],
      [
        0.0008058595698310268,
        0.0009275156023600218,
        0.49844380977530744,
        3.2068373352910835,
        -1.2980497180301247,
        0.003389595525188273
      ],
      [
        0.002375276621602263,
        -0.0004059315582216836,
        4.016127573489524,
        -1.2980497180301316,
        112.82362960235564,
        -0.007039431232146966
      ],
      [
        5.466388021791022e-05,
        -8.159952707652673e-05,
        -0.0009238384701995554,
        0.0033895955251881183,
        -0.007039431232146275,
        0.0013602313866426924
      ]
    ],
    "n_speakers": 6862
  },
  "british": {
    "mean": [
      150.0984828235976,
      48.004324684736915,
      6.598652993187419,
      0.5474449920278301,
      0.050773590375416726,
      83.77407943180172
    ],
    "cov": [
      [
        2076.7226655257623,
        652.8863027726117,
        2.808515635964002,
        -0.034873207200412155,
        -0.04277123381118302,
        -21.137678380920175
      ],
      [
        652.8863027726117,
        1292.285871024457,
        1.7551105551312347,
        -0.1892743320936712,
        -0.020660623926129447,
        54.24540858728222
      ],
      [
        2.808515635964002,
        1.7551105551312347,
        0.757956125727122,
        -0.11371698110888452,
        -0.026830312992844486,
        -0.09582105173097552
      ],
      [
        -0.034873207200412155,
        -0.1892743320936712,
        -0.11371698110888452,
        0.3323853438495898,
        0.00713059366157545,
        -0.48770019771754614
      ],
      [
        -0.04277123381118302,
        -0.020660623926129447,
        -0.026830312992844486,
        0.00713059366157545,
        0.00998666372110272,
        0.03763307423491944
      ],
      [
        -21.137678380920175,
        54.24540858728222,
        -0.09582105173097552,
        -0.48770019771754614,
        0.03763307423491944,
        679.4459877196971
      ]
    ],
    "cov_inv": [
      [
        0.0005753350265828227,
        -0.00029029414391569346,
        -0.0016163292906685846,
        -0.0005503607967227744,
        -0.002238895654741618,
        4.0576202940486924e-05
      ],
      [
        -0.00029029414391569346,
        0.0009254966928730346,
        -0.0011489272896253477,
        2.7308989989489495e-05,
        -0.0021222515950010063,
        -8.29455136820937e-05
      ],
      [
        -0.0016163292906685883,
        -0.0011489272896253394,
        1.5280434595485386,
        0.44141210223149363,
        3.7794172044090644,
        0.00036444838697115235
      ],
      [
        -0.0005503607967227721,
        2.7308989989483678e-05,
        0.44141210223149374,
        3.186653752421865,
        -1.100715375419123,
        0.0023912670513351994
      ],
      [
        -0.002238895654741725,
        -0.00212225159500076,
        3.779417204409063,
        -1.1007153754191277,
        111.08309913691876,
        -0.006309953432212108
      ],
      [
        4.057620294048686e-05,
        -8.294551368209375e-05,
        0.00036444838697124933,
        0.0023912670513353182,
        -0.006309953432209882,
        0.0014817891699885912
      ]
    ],
    "n_speakers": 6899
  },
  "indian": {
    "mean": [
      196.69256031185643,
      53.55539511621065,
      6.230831421006178,
      0.6722296263606943,
      0.06989879376287143,
      85.34768343630478
    ],
    "cov": [
      [
        4048.6558336211233,
        1283.0177583080774,
        -13.618680932747184,
        9.03010229017996,
        0.9655032035448814,
        -23.06451109301293
      ],
      [
        1283.0177583080774,
        1016.9567923817445,
        -4.154735334588322,
        3.022254464208268,
        0.21755493126967082,
        39.99962502152274
      ],
      [
        -13.618680932747184,
        -4.154735334588322,
        0.8899013548342617,
        -0.21708082342918797,
        -0.03137152773022624,
        -0.14008124743004194
      ],
      [
        9.03010229017996,
        3.022254464208268,
        -0.21708082342918797,
        0.43162659446127083,
        0.013250983078260422,
        0.23451449200469723
      ],
      [
        0.9655032035448814,
        0.21755493126967082,
        -0.03137152773022624,
        0.013250983078260422,
        0.010515720813610277,
        0.2091362323384107
      ],
      [
        -23.06451109301293,
        39.99962502152274,
        -0.14008124743004194,
        0.23451449200469723,
        0.2091362323384107,
        821.6892018632857
      ]
    ],
    "cov_inv": [
      [
        0.00043480078825400254,
        -0.0005248742308204008,
        0.002737460948735356,
        -0.0035369574534087622,
        -0.01730666435509463,
        4.363648109454573e-05
      ],
      [
        -0.0005248742308204008,
        0.001648826410112325,
        9.35877854923165e-06,
        -0.001039428529564503,
        0.01738873806037942,
        -9.912500807443946e-05
      ],
      [
        0.0027374609487353574,
        9.358778549230218e-06,
        1.4168154349892434,
        0.5546010960112617,
        3.2898670447007623,
        -0.0006777006042661895
      ],
      [
        -0.0035369574534087614,
        -0.0010394285295645047,
        0.5546010960112617,
        2.7208292153489047,
        -1.4204161118478293,
        -0.00036914886582628753
      ],
      [
        -0.01730666435509463,
        0.017388738060379393,
        3.2898670447007623,
        -1.4204161118478298,
        108.4859422937277,
        -0.027977849888339307
      ],
      [
        4.3636481094545725e-05,
        -9.912500807443944e-05,
        -0.0006777006042661878,
        -0.00036914886582628846,
        -0.02797784988833925,
        0.0012301661439515547
      ]
    ],
    "n_speakers": 6798
  },
  "australian": {
    "mean": [
      151.69961840774454,
      51.18000968068198,
      6.55383181621153,
      0.5279648894668401,
      0.04696199971102442,
      85.00769816500505
    ],